('5215 AVE L', '11234')[4.0, 40.623935, -73.924885, 2016.0, 1920.0, 1800.0, 1036.0, 20060930, 375000.0, 446828.0, 20171130, -5657.0, 469169.0, 469169.0, 11234.0]
('119 E  38 ST', '11203')[4.0, 40.654455, -73.94194, 2016.0, 1945.0, 1920.0, 2200.0, 19990421, 215000.0, 636714.0, 20171130, 25982.0, 694018.0, 694018.0, 11203.0]
('811 E  51 ST', '11203')[1.0, 40.64133, -73.927965, 2016.0, 1940.0, 2000.0, 1632.0, 19980602, 175000.0, 492705.0, 20171130, 5922.0, 517340.0, 517340.0, 11203.0]
('17 STERN CT', '10308')[4.0, 40.553734, -74.144627, 2016.0, 1989.0, 1904.0, 1426.0, 20050722, 370000.0, 460544.0, 20171130, 24138.0, 483571.0, 483571.0, 10308.0]
('146 MONROE ST', '11216')[8.0, 40.68492, -73.953274, 2016.0, 1931.0, 2000.0, 4000.0, 20060531, 849000.0, 2158195.0, 20171130, -18238.0, 2309269.0, 2309269.0, 11216.0]
('98 CORNELIA ST', '11221')[3.0, 40.689685, -73.915645, 2016.0, 1905.0, 2000.0, 3000.0, 19891026, 83500.0, 1397816.0, 20171130, -65620.0, 1509641.0, 1509641.0, 11221.0]
('228 14 ST', '11215')[7.0, 40.666475, -73.989984, 2016.0, 1899.0, 1667.0, 1688.0, 20120131, 1250000.0, 1700521.0, 20171130, 3389.0, 1955599.0, 1955599.0, 11215.0]
('76 WARWICK AVE', '10314')[4.0, 40.609722, -74.137589, 2016.0, 1970.0, 4000.0, 1350.0, 20150923, 540000.0, 616972.0, 20171130, -2430.0, 672499.0, 672499.0, 10314.0]
('592 RAMONA AVE', '10309')[1.0, 40.53614, -74.205424, 2016.0, 1930.0, 6000.0, 3850.0, 20020312, 610000.0, 997217.0, 20171130, 8057.0, 1047078.0, 1047078.0, 10309.0]
('182 DARTMOUTH LOOP', '10306')[1.0, 40.5676, -74.109054, 2016.0, 2005.0, 1820.0, 1300.0, 20100324, 404586.0, 519273.0, 20171130, -2371.0, 550429.0, 550429.0, 10306.0]
('1231 PUTNAM AVE', '11221')[3.0, 40.691625, -73.91564, 2016.0, 1901.0, 2000.0, 3000.0, 20110112, 502000.0, 1204584.0, 20171130, -10964.0, 1421409.0, 1421409.0, 11221.0]
('109 PELL PL', '10464')[4.0, 40.842235, -73.78516, 2016.0, 1960.0, 2375.0, 1332.0, 19990308, 182500.0, 459306.0, 20171130, 2207.0, 486864.0, 486864.0, 10464.0]
('2043 SHORE PKWY', '11214')[4.0, 40.586355, -73.98998, 2016.0, 1945.0, 2968.0, 928.0, 20140909, 250000.0, 645074.0, 20171130, 6069.0, 690229.0, 690229.0, 11214.0]
('6737 COLONIAL RD', '11220')[1.0, 40.63852, -74.030515, 2016.0, 1930.0, 1720.0, 2024.0, 20081212, 867000.0, 980826.0, 20171130, -36056.0, 1029867.0, 1029867.0, 11220.0]
('999 E  96 ST', '11236')[8.0, 40.64632, -73.90545, 2016.0, 1925.0, 3900.0, 1908.0, 20080805, 524700.0, 614951.0, 20171130, -23288.0, 657998.0, 657998.0, 11236.0]
('97 CRABTREE AVE', '10309')[4.0, 40.541873, -74.220055, 2016.0, 2011.0, 3094.0, 1660.0, 20121025, 468468.0, 598075.0, 20171130, 2378.0, 627979.0, 627979.0, 10309.0]
('4746 CARPENTER AVE', '10470')[4.0, 40.905635, -73.85177, 2016.0, 1905.0, 3340.0, 2395.0, 20090625, 305000.0, 427779.0, 20171130, 3248.0, 449168.0, 449168.0, 10470.0]
('1013 VINCENT AVE', '10465')[4.0, 40.83385, -73.820484, 2016.0, 1955.0, 1710.0, 1636.0, 20140915, 385000.0, 463223.0, 20171130, -816.0, 486384.0, 486384.0, 10465.0]
('269 N  6 ST', '11211')[3.0, 40.71486, -73.953955, 2016.0, 1899.0, 2017.0, 2400.0, 20050615, 850500.0, 2418219.0, 20171130, 12634.0, 2829316.0, 2829316.0, 11211.0]
('1494 JEFFERSON AVE', '11237')[7.0, 40.696635, -73.907655, 2016.0, 1910.0, 2000.0, 1100.0, 20160816, 669000.0, 826946.0, 20171130, 1544.0, 901371.0, 901371.0, 11237.0]
('382 WOODS OF ARDEN RD', '10312')[4.0, 40.531825, -74.16033, 2016.0, 1985.0, 8190.0, 2375.0, 20110720, 500000.0, 919382.0, 20171130, -1132.0, 1011320.0, 1011320.0, 10312.0]
('7623 20 AVE', '11214')[1.0, 40.609615, -73.992584, 2016.0, 1925.0, 2367.0, 1531.0, 20070215, 570000.0, 1004366.0, 20171130, 1707.0, 1054584.0, 1054584.0, 11214.0]
('981 E  56 ST', '11234')[4.0, 40.63228, -73.92215, 2016.0, 1955.0, 2000.0, 1650.0, 20120306, 409574.0, 529665.0, 20171130, 2536.0, 556148.0, 556148.0, 11234.0]
('99 RARITAN AVE', '10304')[8.0, 40.593183, -74.095729, 2016.0, 2013.0, 5000.0, 3200.0, 20140416, 786597.0, 1065997.0, 20171130, 2952.0, 1119297.0, 1119297.0, 10304.0]
('1995 GILDERSLEEVE AVE', '10473')[1.0, 40.81009, -73.851545, 2016.0, 1925.0, 2500.0, 1815.0, 20060203, 342000.0, 489420.0, 20171130, 17675.0, 538362.0, 538362.0, 10473.0]
('115 RAMBLEWOOD AVE', '10308')[4.0, 40.545339, -74.1545, 2016.0, 1930.0, 3800.0, 1200.0, 20111201, 415000.0, 528866.0, 20171130, 55816.0, 555309.0, 555309.0, 10308.0]
('55 SCHEFFELIN AVE', '10306')[4.0, 40.580177, -74.133615, 2016.0, 1965.0, 8400.0, 4192.0, 20030509, 730000.0, 1266520.0, 20171130, 9899.0, 1355176.0, 1355176.0, 10306.0]
('6203 24 AVE', '11204')[1.0, 40.612615, -73.975124, 2016.0, 1920.0, 2000.0, 3000.0, 20170210, 1180000.0, 1115806.0, 20171130, 67409.0, 1171596.0, 1171596.0, 11204.0]
('202 VICTORY BLVD', '10301')[8.0, 40.635955, -74.082504, 2016.0, 1935.0, 3785.0, 1968.0, 20040730, 410000.0, 449571.0, 20171130, -9616.0, 521502.0, 521502.0, 10301.0]
('3621 PROVOST AVE', '10466')[4.0, 40.887185, -73.828575, 2016.0, 1952.0, 3702.0, 1152.0, 20120618, 289800.0, 389262.0, 20171130, -2536.0, 408725.0, 408725.0, 10466.0]
('149 RENSSELAER AVE', '10312')[1.0, 40.548535, -74.182404, 2016.0, 1971.0, 4400.0, 2192.0, 20090715, 595000.0, 731901.0, 20171130, 9283.0, 790453.0, 790453.0, 10312.0]
('316 SIMONSON AVE', '10303')[4.0, 40.628384, -74.153026, 2016.0, 1930.0, 2850.0, 1152.0, 20040402, 235870.0, 365597.0, 20171130, -8321.0, 383877.0, 383877.0, 10303.0]
('2646 MORRIS AVE', '10468')[1.0, 40.86652, -73.89635, 2016.0, 1901.0, 1706.0, 1920.0, 20040513, 290000.0, 467033.0, 20171130, -20265.0, 499725.0, 499725.0, 10468.0]
('577 EVERGREEN AVE', '11221')[8.0, 40.689335, -73.913375, 2016.0, 1910.0, 1600.0, 3000.0, 20001023, 70000.0, 1268872.0, 20171130, -43530.0, 1421137.0, 1421137.0, 11221.0]
('502 E  184 ST', '10458')[8.0, 40.8553, -73.89183, 2016.0, 2006.0, 1269.0, 3915.0, 20060606, 630000.0, 647860.0, 20171130, 11726.0, 693210.0, 693210.0, 10458.0]
('434 STOBE AVE', '10306')[4.0, 40.578458, -74.092853, 2016.0, 1980.0, 2688.0, 1890.0, 20170421, 599000.0, 562163.0, 20171130, -5979.0, 590271.0, 590271.0, 10306.0]
('143 LEWIS AVE', '11221')[8.0, 40.69198, -73.936525, 2016.0, 1899.0, 2000.0, 2400.0, 20120703, 615000.0, 1361493.0, 20171130, -10081.0, 1443183.0, 1443183.0, 11221.0]
('1060 83 ST', '11228')[4.0, 40.6187, -74.01736, 2016.0, 1975.0, 4000.0, 1850.0, 20070606, 500000.0, 1510435.0, 20171130, -18978.0, 1661478.0, 1661478.0, 11228.0]
('53 CLARADON LN', '10305')[5.0, 40.603188, -74.071721, 2016.0, 1977.0, 529759.0, 630.0, 20050519, 450000.0, 334979.0, 20171130, -92135.0, 378526.0, 378526.0, 10305.0]
('8609 15 AVE', '11228')[3.0, 40.609035, -74.01156, 2016.0, 1940.0, 2336.0, 2160.0, 20170714, 1200000.0, 1222325.0, 20171130, 1704.0, 1283441.0, 1283441.0, 11228.0]
('635 BCH 69 ST', '11692')[1.0, 40.597865, -73.799015, 2016.0, 1940.0, 2671.0, 2378.0, 20061024, 424000.0, 497022.0, 20171130, 9720.0, 551694.0, 551694.0, 11692.0]
('2892 E  196 ST', '10461')[4.0, 40.85362, -73.831345, 2016.0, 1920.0, 2500.0, 1472.0, 20071004, 465000.0, 474085.0, 20171130, 429.0, 516753.0, 516753.0, 10461.0]
('1078 E  229 ST', '10466')[8.0, 40.886844, -73.84785, 2016.0, 1905.0, 2252.0, 1720.0, 20060405, 280900.0, 488785.0, 20171130, -6340.0, 532776.0, 532776.0, 10466.0]
('185 BARLOW DR  S', '11234')[4.0, 40.607955, -73.9071, 2016.0, 1960.0, 3500.0, 1959.0, 20000120, 440000.0, 911952.0, 20171130, -7168.0, 1030506.0, 1030506.0, 11234.0]
('763 E  181 ST', '10460')[3.0, 40.847808, -73.885543, 2016.0, 2006.0, 1482.0, 3315.0, 20060619, 630000.0, 669946.0, 20171130, 1426.0, 703443.0, 703443.0, 10460.0]
('167 ALLEN ST', '10002')[6.0, 40.721325, -73.98973, 2016.0, 1900.0, 2288.0, 9000.0, 19941026, 11500.0, 4988204.0, 20171130, 194691.0, 5536906.0, 5536906.0, 10002.0]
('804 E  150 ST', '10455')[4.0, 40.813239, -73.9059, 2016.0, 2004.0, 1150.0, 1611.0, 20100314, 220000.0, 386786.0, 20171130, -3979.0, 406125.0, 406125.0, 10455.0]
('115 BRANTON ST', '11236')[4.0, 40.64609, -73.919365, 2016.0, 1940.0, 1440.0, 1020.0, 20100828, 299000.0, 423621.0, 20171130, -472.0, 453274.0, 453274.0, 11236.0]
('867 RENSSELAER AVE', '10309')[4.0, 40.53859, -74.203745, 2016.0, 1983.0, 2604.0, 1480.0, 20050831, 415000.0, 463958.0, 20171130, -5820.0, 487156.0, 487156.0, 10309.0]
('502 LOUISIANA AVE', '11239')[1.0, 40.64881, -73.88837, 2016.0, 1995.0, 1260.0, 3000.0, 19950719, 246000.0, 627948.0, 20171130, -16211.0, 659345.0, 659345.0, 11239.0]
('52 KENILWORTH AVE', '10312')[4.0, 40.564345, -74.18343, 2016.0, 2004.0, 2613.0, 1890.0, 20110712, 435000.0, 553278.0, 20171130, 4775.0, 580942.0, 580942.0, 10312.0]
('159 WINDHAM LOOP', '10314')[5.0, 40.576805, -74.161646, 2016.0, 1986.0, 128246.0, 1793.0, 20070105, 381000.0, 451387.0, 20171130, 3668.0, 473956.0, 473956.0, 10314.0]
('486 CLEVELAND ST', '11207')[1.0, 40.67278, -73.884265, 2016.0, 1930.0, 1800.0, 2000.0, 20100314, 329000.0, 554063.0, 20171130, 86.0, 587307.0, 587307.0, 11207.0]
('40 ENGLEWOOD AVE', '10309')[4.0, 40.533384, -74.23524, 2016.0, 1955.0, 20100.0, 1200.0, 20061011, 825000.0, 1064993.0, 20171130, 31744.0, 1277992.0, 1277992.0, 10309.0]
('8867 17 AVE', '11214')[8.0, 40.603035, -74.01023, 2016.0, 1960.0, 1920.0, 2280.0, 20110106, 830000.0, 1160390.0, 20171130, -12811.0, 1241617.0, 1241617.0, 11214.0]
('10205 AVE J', '11236')[1.0, 40.64475, -73.89509, 2016.0, 1955.0, 2120.0, 2244.0, 19890530, 245000.0, 627733.0, 20171130, -6239.0, 665397.0, 665397.0, 11236.0]
('293 FORDHAM PL', '10464')[4.0, 40.84743, -73.78406, 2016.0, 1868.0, 4807.0, 1431.0, 19951207, 150000.0, 676044.0, 20171130, -12836.0, 777451.0, 777451.0, 10464.0]
('322 STERLING PL', '11238')[7.0, 40.675715, -73.96725, 2016.0, 1899.0, 2489.0, 3500.0, 20161208, 3300000.0, 3458181.0, 20171130, -20032.0, 3665672.0, 3665672.0, 11238.0]
('2035 E  34 ST', '11234')[8.0, 40.608265, -73.931795, 2016.0, 1935.0, 1800.0, 1890.0, 20111118, 490000.0, 756006.0, 20171130, 934.0, 793806.0, 793806.0, 11234.0]
('35 LUKE CT', '10306')[4.0, 40.564585, -74.143194, 2016.0, 1986.0, 1672.0, 1092.0, 20010413, 224000.0, 398097.0, 20171130, -7076.0, 418002.0, 418002.0, 10306.0]
('18 PARISH AVE', '10314')[4.0, 40.59279, -74.1901, 2016.0, 1960.0, 2500.0, 1280.0, 20080331, 370000.0, 463304.0, 20171130, 14606.0, 486469.0, 486469.0, 10314.0]
('1442 E  86 ST', '11236')[3.0, 40.62925, -73.89913, 2016.0, 1960.0, 2000.0, 2895.0, 19960305, 202000.0, 625560.0, 20171130, 5295.0, 663094.0, 663094.0, 11236.0]
('65 HOOPER AVE', '10306')[1.0, 40.557865, -74.13151, 2016.0, 1970.0, 4000.0, 2496.0, 19911025, 135000.0, 591022.0, 20171130, -8711.0, 620573.0, 620573.0, 10306.0]
('411 W  261 ST', '10471')[8.0, 40.910015, -73.90115, 2016.0, 1920.0, 3741.0, 3372.0, 20160301, 857500.0, 963622.0, 20171130, 8549.0, 1011803.0, 1011803.0, 10471.0]
('930 E  86 ST', '11236')[3.0, 40.63758, -73.9084, 2016.0, 1970.0, 2100.0, 2887.0, 20070710, 690000.0, 642900.0, 20171130, 7737.0, 675045.0, 675045.0, 11236.0]
('2132 E  38 ST', '11234')[4.0, 40.60824, -73.927565, 2016.0, 1920.0, 2242.0, 1146.0, 20160325, 421000.0, 517047.0, 20171130, -10479.0, 542899.0, 542899.0, 11234.0]
('426 BARD AVE', '10310')[4.0, 40.633337, -74.106568, 2016.0, 1960.0, 6000.0, 1760.0, 19940824, 177000.0, 529104.0, 20171130, -17803.0, 555559.0, 555559.0, 10310.0]
('247 MALCOLM X BLVD', '11233')[8.0, 40.68379, -73.92895, 2016.0, 1910.0, 2340.0, 1250.0, 20000516, 90000.0, 997820.0, 20171130, 13232.0, 1157471.0, 1157471.0, 11233.0]
('278 NEW YORK AVE', '11216')[8.0, 40.67084, -73.947945, 2016.0, 1910.0, 1958.0, 3547.0, 20040301, 515000.0, 1699442.0, 20171130, -41146.0, 1886381.0, 1886381.0, 11216.0]
('416 E  2 ST', '11218')[4.0, 40.641215, -73.97825, 2016.0, 1930.0, 2500.0, 1588.0, 20090625, 715500.0, 1127162.0, 20171130, -6848.0, 1273693.0, 1273693.0, 11218.0]
('1341 79 ST', '11228')[4.0, 40.61752, -74.008505, 2016.0, 1905.0, 1742.0, 1512.0, 20141016, 725000.0, 940599.0, 20171130, 11104.0, 997035.0, 997035.0, 11228.0]
('24 ROCKAWAY AVE', '11233')[8.0, 40.68287, -73.911995, 2016.0, 1899.0, 43560.0, 3000.0, 20110716, 304402.0, 1172920.0, 20171130, -51284.0, 1243295.0, 1243295.0, 11233.0]
('30-49 48 ST', '11103')[5.0, 40.762775, -73.916787, 2016.0, 2007.0, 620.0, 620.0, 20160202, 608000.0, 713307.0, 20171130, 2665.0, 1262553.0, 1262553.0, 11103.0]
('775 S  OAK DR', '10467')[3.0, 40.872395, -73.864685, 2016.0, 1915.0, 2592.0, 2880.0, 20070111, 530000.0, 599288.0, 20171130, -13439.0, 641238.0, 641238.0, 10467.0]
('1712 PARK PL', '11233')[3.0, 40.671768, -73.920688, 2016.0, 2007.0, 2539.0, 3057.0, 20090110, 568727.0, 846969.0, 20171130, 1536.0, 897787.0, 897787.0, 11233.0]
('66 ARCHWOOD AVE', '10312')[8.0, 40.535736, -74.184989, 2016.0, 2005.0, 5405.0, 3790.0, 20171116, 1075000.0, 1140938.0, 20171130, -34520.0, 1197985.0, 1197985.0, 10312.0]
('856 DELAFIELD AVE', '10310')[4.0, 40.62782, -74.127055, 2016.0, 1945.0, 5000.0, 720.0, 20020528, 167500.0, 412881.0, 20171130, 3051.0, 441783.0, 441783.0, 10310.0]
('69 16 ST', '11215')[8.0, 40.66717, -73.993879, 2016.0, 1899.0, 1735.0, 2016.0, 19901015, 110000.0, 1548834.0, 20171130, -17797.0, 1641764.0, 1641764.0, 11215.0]
('222 AVE T', '11223')[1.0, 40.598645, -73.97666, 2016.0, 1955.0, 2000.0, 1920.0, 20080531, 512000.0, 969785.0, 20171130, 17990.0, 1018274.0, 1018274.0, 11223.0]
('1062 82 ST', '11228')[4.0, 40.619225, -74.01677, 2016.0, 1925.0, 2425.0, 1584.0, 20100225, 350000.0, 1056137.0, 20171130, 7068.0, 1140628.0, 1140628.0, 11228.0]
('70 E  120 ST', '10035')[3.0, 40.80193, -73.94209, 2016.0, 2003.0, 2086.0, 3764.0, 20040830, 531187.0, 2576652.0, 20171130, 437.0, 2808551.0, 2808551.0, 10035.0]
('3084 NOSTRAND AVE', '11229')[4.0, 40.609044, -73.94384, 2016.0, 1940.0, 2310.0, 1296.0, 20081007, 440000.0, 728353.0, 20171130, -16832.0, 786621.0, 786621.0, 11229.0]
('1700 LEXINGTON AVE', '10029')[8.0, 40.79268, -73.94627, 2016.0, 1890.0, 3552.0, 950.0, 20150304, 2157750.0, 1209026.0, 20171130, 47403.0, 1994893.0, 1994893.0, 10029.0]
('1457 E  59 ST', '11234')[4.0, 40.61804, -73.917805, 2016.0, 1925.0, 2100.0, 1276.0, 19980619, 160000.0, 503155.0, 20171130, -4702.0, 528313.0, 528313.0, 11234.0]
('147 BEACH RD', '10312')[4.0, 40.537465, -74.152328, 2016.0, 2009.0, 6175.0, 2590.0, 20070618, 497000.0, 891597.0, 20171130, 14803.0, 945093.0, 945093.0, 10312.0]
('178 NICHOLS AVE', '11208')[3.0, 40.686385, -73.86934, 2016.0, 1930.0, 1600.0, 2750.0, 20130917, 290000.0, 626327.0, 20171130, 2333.0, 663907.0, 663907.0, 11208.0]
('85 3 PL', '11231')[4.0, 40.679085, -73.998169, 2016.0, 1901.0, 1667.0, 2445.0, 19960214, 325000.0, 3459305.0, 20171130, 38295.0, 3805235.0, 3805235.0, 11231.0]
('1640 86 ST', '11214')[3.0, 40.61489, -74.000555, 2016.0, 2003.0, 2000.0, 3600.0, 20040704, 763688.0, 1538411.0, 20171130, -9394.0, 1630716.0, 1630716.0, 11214.0]
('853 FOREST AVE', '10456')[4.0, 40.821025, -73.905284, 2016.0, 1993.0, 2447.0, 1152.0, 20080903, 250000.0, 368976.0, 20171130, 5580.0, 394804.0, 394804.0, 10456.0]
('611 CASANOVA ST', '10474')[3.0, 40.812075, -73.88996, 2016.0, 1930.0, 2500.0, 2868.0, 20060719, 405000.0, 474455.0, 20171130, -35455.0, 536134.0, 536134.0, 10474.0]
('597 6 ST', '11215')[5.0, 40.66701, -73.97603, 2016.0, 1901.0, 1875.0, 2700.0, 20070816, 2420000.0, 3340908.0, 20171130, -7598.0, 3875453.0, 3875453.0, 11215.0]
('837 73 ST', '11228')[1.0, 40.627675, -74.016035, 2016.0, 1910.0, 3600.0, 2628.0, 19960903, 273500.0, 1513188.0, 20171130, 10444.0, 1603979.0, 1603979.0, 11228.0]
('716 NEW LOTS AVE', '11207')[8.0, 40.665645, -73.883781, 2016.0, 2004.0, 1800.0, 4020.0, 20050727, 630000.0, 794940.0, 20171130, -1520.0, 930080.0, 930080.0, 11207.0]
('138 BAY 53 ST', '11214')[1.0, 40.583087, -73.987358, 2016.0, 2008.0, 2933.0, 2218.0, 20090820, 712773.0, 810169.0, 20171130, 1370.0, 899288.0, 899288.0, 11214.0]
('2765 TENBROECK AVE', '10469')[1.0, 40.867365, -73.85253, 2016.0, 1950.0, 2142.0, 1571.0, 20000331, 185000.0, 454406.0, 20171130, -4670.0, 477126.0, 477126.0, 10469.0]
('1810 STUART ST', '11229')[1.0, 40.608355, -73.94148, 2016.0, 1930.0, 1800.0, 1890.0, 19930319, 150000.0, 744882.0, 20171130, 6501.0, 782126.0, 782126.0, 11229.0]
('2409 AVE T', '11229')[5.0, 40.602329, -73.94772, 2016.0, 2012.0, 1400.0, 1470.0, 20090207, 810000.0, 888328.0, 20171130, 5682.0, 932744.0, 932744.0, 11229.0]
('448 STAFFORD AVE', '10312')[1.0, 40.543455, -74.1928, 2016.0, 1985.0, 4000.0, 2259.0, 20040727, 615000.0, 717165.0, 20171130, 27561.0, 774538.0, 774538.0, 10312.0]
('1540 LONGFELLOW AVE', '10460')[8.0, 40.83338, -73.88561, 2016.0, 1931.0, 2520.0, 2520.0, 20170407, 10.0, 449892.0, 20171130, -7374.0, 476886.0, 476886.0, 10460.0]
('409 RIGA ST', '10306')[4.0, 40.559285, -74.114425, 2016.0, 2003.0, 2200.0, 1200.0, 20041220, 364939.0, 449296.0, 20171130, 385.0, 476254.0, 476254.0, 10306.0]
('93 TARRING ST', '10306')[4.0, 40.563225, -74.125959, 2016.0, 1970.0, 5000.0, 1885.0, 20170615, 659000.0, 672988.0, 20171130, 2702.0, 706637.0, 706637.0, 10306.0]
('29 OLD   TOWN RD', '10304')[4.0, 40.596919, -74.092226, 2016.0, 1919.0, 1.0, 1.0, 19980625, 188000.0, 947362.0, 20171130, -18518.0, 994730.0, 994730.0, 10304.0]
('223 WYCKOFF ST', '11217')[1.0, 40.68414, -73.98532, 2016.0, 1899.0, 1667.0, 1772.0, 20090829, 1130000.0, 2645466.0, 20171130, 15355.0, 2804194.0, 2804194.0, 11217.0]
('444 ATLANTIC AVE', '11217')[5.0, 40.686165, -73.98363, 2016.0, 1901.0, 1688.0, 2926.0, 19970822, 8000.0, 2884136.0, 20171130, -24810.0, 3259074.0, 3259074.0, 11217.0]
('307 ADELPHI ST', '11205')[7.0, 40.688345, -73.970605, 2016.0, 1867.0, 2200.0, 4248.0, 20110519, 2000000.0, 2942205.0, 20171130, -28239.0, 3265848.0, 3265848.0, 11205.0]
('509-2 WILLOW RD  E', '10314')[5.0, 40.612627, -74.151783, 2016.0, 1978.0, 112988.0, 1342.0, 20091216, 220000.0, 344892.0, 20171130, -6039.0, 362137.0, 362137.0, 10314.0]
('615 INGRAM AVE', '10314')[8.0, 40.60731, -74.135525, 2016.0, 1970.0, 4400.0, 2444.0, 20090819, 499900.0, 797725.0, 20171130, -2030.0, 837611.0, 837611.0, 10314.0]
('80 ST JOSEPHS AVE', '10302')[8.0, 40.634299, -74.141625, 2016.0, 1920.0, 3000.0, 1224.0, 20040409, 260000.0, 337622.0, 20171130, 3033.0, 357879.0, 357879.0, 10302.0]
('74 MARINE AVE', '11209')[1.0, 40.618655, -74.037255, 2016.0, 1925.0, 2125.0, 2640.0, 20070505, 810000.0, 1338602.0, 20171130, 8778.0, 1405532.0, 1405532.0, 11209.0]
('543 ROCKAWAY ST', '10307')[4.0, 40.504126, -74.240129, 2016.0, 1910.0, 5000.0, 1317.0, 20110820, 145000.0, 403276.0, 20171130, 39041.0, 451669.0, 451669.0, 10307.0]
('3410 ROPES AVE', '10475')[4.0, 40.887885, -73.817264, 2016.0, 1920.0, 2500.0, 1206.0, 20040703, 310000.0, 375378.0, 20171130, 6857.0, 394147.0, 394147.0, 10475.0]
('479-2 WILLOW RD  E', '10314')[5.0, 40.61336, -74.152172, 2016.0, 1977.0, 132453.0, 1525.0, 20050727, 310000.0, 354878.0, 20171130, -3544.0, 372622.0, 372622.0, 10314.0]
('2266 E  1 ST', '11223')[3.0, 40.593509, -73.97012, 2016.0, 1950.0, 2200.0, 3762.0, 20140707, 775000.0, 1294372.0, 20171130, 23325.0, 1384978.0, 1384978.0, 11223.0]
('118 2 PL', '11231')[0.0, 40.67908, -73.99672, 2016.0, 1920.0, 1875.0, 2775.0, 19960124, 265000.0, 3210490.0, 20171130, -42117.0, 3595749.0, 3595749.0, 11231.0]
('37 ESSEX ST', '11208')[8.0, 40.6837, -73.88338, 2016.0, 1910.0, 1999.0, 1220.0, 20040415, 240000.0, 478728.0, 20171130, 6759.0, 507452.0, 507452.0, 11208.0]
('1011 41 ST', '11219')[3.0, 40.64344, -73.993525, 2016.0, 2001.0, 2500.0, 7052.0, 20071025, 800000.0, 2224187.0, 20171130, 768.0, 2602299.0, 2602299.0, 11219.0]
('42 ALLEN PL', '10312')[4.0, 40.52723, -74.16887, 2016.0, 1935.0, 4000.0, 616.0, 20020325, 180000.0, 505854.0, 20171130, 35527.0, 556439.0, 556439.0, 10312.0]
('1059 TELLER AVE', '10456')[8.0, 40.829089, -73.9138, 2016.0, 1920.0, 3261.0, 3261.0, 20151116, 485000.0, 619305.0, 20171130, -2747.0, 656463.0, 656463.0, 10456.0]
('144 EDGEGROVE AVE', '10312')[4.0, 40.544905, -74.17924, 2016.0, 1965.0, 8000.0, 2378.0, 19990315, 310000.0, 802561.0, 20171130, 7555.0, 866766.0, 866766.0, 10312.0]
('2138 E  24 ST', '11229')[1.0, 40.598794, -73.947685, 2016.0, 1930.0, 2500.0, 3520.0, 20091119, 770000.0, 1335833.0, 20171130, 17009.0, 1402625.0, 1402625.0, 11229.0]
('101 HILL ST', '11208')[4.0, 40.679245, -73.869705, 2016.0, 1910.0, 2500.0, 1464.0, 20090519, 20000.0, 451436.0, 20171130, -6807.0, 487551.0, 487551.0, 11208.0]
('19 LINDBERGH AVE', '10306')[4.0, 40.569085, -74.11651, 2016.0, 1960.0, 4000.0, 1118.0, 20110823, 385000.0, 500991.0, 20171130, -22750.0, 556100.0, 556100.0, 10306.0]
('2563 MORGAN AVE', '10469')[4.0, 40.86466, -73.845615, 2016.0, 1925.0, 2500.0, 2040.0, 19990407, 176000.0, 457677.0, 20171130, -19358.0, 485138.0, 485138.0, 10469.0]
('1035 64 ST', '11219')[3.0, 40.63019, -74.0064, 2016.0, 1925.0, 2708.0, 2552.0, 19940914, 290000.0, 1530120.0, 20171130, -144379.0, 1667831.0, 1667831.0, 11219.0]
('1219 JEFFERSON AVE', '11221')[8.0, 40.691215, -73.91369, 2016.0, 1905.0, 20.0, 2700.0, 20151112, 1325000.0, 1186694.0, 20171130, -82014.0, 1376565.0, 1376565.0, 11221.0]
('871 LAMONT AVE', '10309')[4.0, 40.53652, -74.203077, 2016.0, 1975.0, 14100.0, 6440.0, 20161206, 1135000.0, 1201557.0, 20171130, 3778.0, 1261635.0, 1261635.0, 10309.0]
('1140 48 ST', '11219')[4.0, 40.633354, -73.93066, 2016.0, 1945.0, 2150.0, 840.0, 20030818, 255000.0, 359825.0, 20171130, 28180.0, 399406.0, 399406.0, 11219.0]
('176 OXFORD ST', '11235')[4.0, 40.57898, -73.93825, 2016.0, 1925.0, 2500.0, 864.0, 20061027, 630000.0, 813459.0, 20171130, -25808.0, 911074.0, 911074.0, 11235.0]
('2914 ELY AVE', '10469')[1.0, 40.870509, -73.83585, 2016.0, 2005.0, 2375.0, 2040.0, 20100314, 518289.0, 568268.0, 20171130, 8447.0, 596681.0, 596681.0, 10469.0]
('367 CRESCENT ST', '11208')[4.0, 40.67994, -73.87088, 2016.0, 1910.0, 1600.0, 3300.0, 20150716, 570000.0, 611519.0, 20171130, -9030.0, 654325.0, 654325.0, 11208.0]
('165 CARROLL ST', '11231')[6.0, 40.682065, -73.999305, 2016.0, 1899.0, 2500.0, 4335.0, 20100601, 850000.0, 1881570.0, 20171130, 89374.0, 2050911.0, 2050911.0, 11231.0]
('1532 STERLING PL', '11213')[1.0, 40.671245, -73.93134, 2016.0, 1899.0, 2000.0, 3492.0, 19950502, 140000.0, 1050406.0, 20171130, 24768.0, 1113430.0, 1113430.0, 11213.0]
('1910 ALBANY AVE', '11210')[4.0, 40.62649, -73.93671, 2016.0, 1925.0, 2221.0, 1302.0, 20130719, 322000.0, 533123.0, 20171130, -2809.0, 565110.0, 565110.0, 11210.0]
('1733 E  36 ST', '11234')[4.0, 40.61414, -73.93581, 2016.0, 1925.0, 1800.0, 1064.0, 20100316, 389000.0, 593862.0, 20171130, -4218.0, 623555.0, 623555.0, 11234.0]
('486 PENNSYLVANIA AVE', '11207')[8.0, 40.66534, -73.89456, 2016.0, 1905.0, 2500.0, 2560.0, 20130903, 310000.0, 732717.0, 20171130, -5787.0, 769353.0, 769353.0, 11207.0]
('6015 INDEPENDENCE AVE', '10471')[4.0, 40.91064, -73.906615, 2016.0, 1945.0, 7492.0, 2244.0, 20040705, 1060000.0, 1080709.0, 20171130, -13366.0, 1199587.0, 1199587.0, 10471.0]
('961 E  18 ST', '11230')[1.0, 40.62725, -73.95857, 2016.0, 1910.0, 5000.0, 2585.0, 20170413, 1600000.0, 1636226.0, 20171130, -10197.0, 1718037.0, 1718037.0, 11230.0]
('1133 E  84 ST', '11236')[8.0, 40.63365, -73.90582, 2016.0, 1965.0, 213.0, 2870.0, 20170310, 680000.0, 704246.0, 20171130, -2350.0, 739458.0, 739458.0, 11236.0]
('646 E  234 ST', '10466')[1.0, 40.89452, -73.858875, 2016.0, 1930.0, 3785.0, 2772.0, 19951228, 215000.0, 563437.0, 20171130, 5891.0, 591609.0, 591609.0, 10466.0]
('297 GRAFTON ST', '11212')[1.0, 40.660799, -73.916924, 2016.0, 1930.0, 2500.0, 2140.0, 20141107, 500000.0, 527071.0, 20171130, 95022.0, 563966.0, 563966.0, 11212.0]
('855 E  14 ST', '11230')[3.0, 40.628479, -73.96267, 2016.0, 1905.0, 4000.0, 3388.0, 19910805, 245000.0, 1589380.0, 20171130, -42071.0, 1684743.0, 1684743.0, 11230.0]
('845 E  214 ST', '10467')[1.0, 40.878845, -73.85976, 2016.0, 1935.0, 2054.0, 1216.0, 20080724, 320000.0, 414999.0, 20171130, -11295.0, 444049.0, 444049.0, 10467.0]
('1835 66 ST', '11204')[1.0, 40.618089, -73.989635, 2016.0, 1930.0, 2500.0, 2640.0, 20060823, 800000.0, 1278444.0, 20171130, -48184.0, 1419073.0, 1419073.0, 11204.0]
('149 ROCKVILLE AVE', '10314')[4.0, 40.594711, -74.164378, 2016.0, 1965.0, 4600.0, 2556.0, 20091218, 485000.0, 728577.0, 20171130, 3937.0, 765006.0, 765006.0, 10314.0]
('22 FLORENCE AVE', '11229')[4.0, 40.589825, -73.927765, 2016.0, 1920.0, 1785.0, 1404.0, 19970522, 150000.0, 438032.0, 20171130, -524.0, 459934.0, 459934.0, 11229.0]
('62 DESERRE AVE', '10312')[4.0, 40.540915, -74.200619, 2016.0, 1970.0, 5400.0, 2242.0, 19921117, 200000.0, 639645.0, 20171130, -309.0, 671627.0, 671627.0, 10312.0]
('3080 DECATUR AVE', '10467')[5.0, 40.871025, -73.8784, 2016.0, 1915.0, 3000.0, 4008.0, 19980715, 175000.0, 570631.0, 20171130, 4206.0, 656226.0, 656226.0, 10467.0]
('3991 E  TREMONT AVE', '10465')[4.0, 40.820885, -73.817975, 2016.0, 1950.0, 1950.0, 1224.0, 20000113, 160000.0, 433998.0, 20171130, 688.0, 455698.0, 455698.0, 10465.0]
('532 E  48 ST', '11203')[4.0, 40.64875, -73.93231, 2016.0, 1915.0, 3800.0, 1392.0, 19950113, 157040.0, 512260.0, 20171130, 1548.0, 548118.0, 548118.0, 11203.0]
('127 HORTON ST', '10464')[1.0, 40.83962, -73.784115, 2016.0, 1950.0, 4010.0, 2577.0, 19970106, 140000.0, 734343.0, 20171130, -27634.0, 778404.0, 778404.0, 10464.0]
('2158 CROTONA AVE', '10457')[8.0, 40.849655, -73.88681, 2016.0, 2000.0, 3423.0, 3422.0, 20151006, 470000.0, 644219.0, 20171130, -5758.0, 682872.0, 682872.0, 10457.0]
('56 UXBRIDGE ST', '10314')[1.0, 40.602029, -74.138245, 2016.0, 1970.0, 4600.0, 1554.0, 20160622, 640000.0, 606273.0, 20171130, 8448.0, 660838.0, 660838.0, 10314.0]
('1837 PILGRIM AVE', '10461')[4.0, 40.84842, -73.8335, 2016.0, 1931.0, 25.0, 1260.0, 20070315, 480000.0, 484275.0, 20171130, -5240.0, 537545.0, 537545.0, 10461.0]
('111 GREENWOOD AVE', '11218')[1.0, 40.649935, -73.98033, 2016.0, 1940.0, 2043.0, 1650.0, 20040419, 430000.0, 1156116.0, 20171130, -30.0, 1271728.0, 1271728.0, 11218.0]
('482 JEFFERSON AVE', '11221')[8.0, 40.684349, -73.93869, 2016.0, 1899.0, 1800.0, 3240.0, 19990402, 210000.0, 1794969.0, 20171130, 9434.0, 1902667.0, 1902667.0, 11221.0]
('3016 CLARENDON RD', '11226')[4.0, 40.64304, -73.948125, 2016.0, 1905.0, 1598.0, 2080.0, 19990709, 185000.0, 794940.0, 20171130, -18391.0, 882383.0, 882383.0, 11226.0]
('1035 56 ST', '11219')[1.0, 40.634685, -74.001685, 2016.0, 1925.0, 1380.0, 1474.0, 19960626, 25500.0, 935694.0, 20171130, -22387.0, 1001193.0, 1001193.0, 11219.0]
('53 STIEG AVE', '10308')[4.0, 40.55779, -74.15403, 2016.0, 1990.0, 1370.0, 1477.0, 19970219, 134000.0, 414878.0, 20171130, 4795.0, 435622.0, 435622.0, 10308.0]
('27 SHAINA CT', '10303')[4.0, 40.635128, -74.146049, 2016.0, 2002.0, 871.0, 1350.0, 20041028, 231780.0, 290607.0, 20171130, -128.0, 313856.0, 313856.0, 10303.0]
('1768 SCHENECTADY AVE', '11234')[1.0, 40.629275, -73.931235, 2016.0, 1940.0, 2667.0, 2221.0, 19890828, 239000.0, 608336.0, 20171130, -2587.0, 650920.0, 650920.0, 11234.0]
('1060 SENECA AVE', '11385')[1.0, 40.697945, -73.89994, 2016.0, 1920.0, 1840.0, 2328.0, 20040415, 370800.0, 933520.0, 20171130, -10670.0, 1017537.0, 1017537.0, 11385.0]
('533 E  187 ST', '10458')[8.0, 40.856875, -73.88958, 2016.0, 1905.0, 1594.0, 2920.0, 20171020, 550000.0, 607610.0, 20171130, 45149.0, 674447.0, 674447.0, 10458.0]
('112 LINDEN ST', '11221')[1.0, 40.693145, -73.91931, 2016.0, 1994.0, 1910.0, 1960.0, 19950501, 203500.0, 952528.0, 20171130, 8704.0, 1000154.0, 1000154.0, 11221.0]
('1272 59 ST', '11219')[4.0, 40.622355, -73.91887, 2016.0, 1925.0, 871200.0, 1250.0, 20070519, 402800.0, 521674.0, 20171130, -3698.0, 547758.0, 547758.0, 11219.0]
('318 52 ST', '11220')[4.0, 40.646135, -74.015535, 2016.0, 1920.0, 2003.0, 2160.0, 20000217, 195000.0, 1023452.0, 20171130, -36429.0, 1146266.0, 1146266.0, 11220.0]
('1460 E  52 ST', '11234')[4.0, 40.624035, -73.92576, 2016.0, 1920.0, 1800.0, 1034.0, 20040419, 276000.0, 447090.0, 20171130, -8593.0, 469444.0, 469444.0, 11234.0]
('206 FREEMAN ST', '11222')[3.0, 40.734395, -73.953125, 2016.0, 1899.0, 2500.0, 1562.0, 19960819, 185000.0, 1792436.0, 20171130, -59958.0, 1917907.0, 1917907.0, 11222.0]
('33 AVE O', '11204')[1.0, 40.610434, -73.983865, 2016.0, 1930.0, 1562.0, 2460.0, 19980615, 170000.0, 1005823.0, 20171130, -6009.0, 1056114.0, 1056114.0, 11204.0]
('115 ELM ST', '10310')[1.0, 40.638999, -74.11383, 2016.0, 1989.0, 2917.0, 1696.0, 20060306, 349000.0, 459459.0, 20171130, 4983.0, 487027.0, 487027.0, 10310.0]
('60 GLOVER ST', '10308')[4.0, 40.537955, -74.14704, 2016.0, 2001.0, 2500.0, 1800.0, 20020513, 319000.0, 563428.0, 20171130, 9464.0, 591599.0, 591599.0, 10308.0]
('220 PRESCOTT AVE', '10306')[4.0, 40.576085, -74.10792, 2016.0, 2002.0, 2183.0, 1980.0, 20170508, 575000.0, 606810.0, 20171130, -4259.0, 643219.0, 643219.0, 10306.0]
('194 BAY 34 ST', '11214')[4.0, 40.59633, -73.995145, 2016.0, 1915.0, 1938.0, 1532.0, 20130618, 685000.0, 888711.0, 20171130, -3622.0, 933147.0, 933147.0, 11214.0]
('70 GRASMERE AVE', '10305')[4.0, 40.602256, -74.084229, 2016.0, 1987.0, 687.0, 1163.0, 20051207, 344500.0, 405118.0, 20171130, -252.0, 425374.0, 425374.0, 10305.0]
('218 PENNYFIELD AVE', '10465')[4.0, 40.813435, -73.80662, 2016.0, 1965.0, 1941.0, 1683.0, 20110810, 412500.0, 460584.0, 20171130, 741.0, 488219.0, 488219.0, 10465.0]
('26 SUNNYSIDE AVE', '11207')[1.0, 40.680038, -73.894935, 2016.0, 2006.0, 2700.0, 2652.0, 20090403, 655000.0, 761798.0, 20171130, 4501.0, 799888.0, 799888.0, 11207.0]
('29 LINDEN ST', '11221')[4.0, 40.690754, -73.92228, 2016.0, 1931.0, 1485.0, 2400.0, 20010221, 250500.0, 1151845.0, 20171130, 13857.0, 1290066.0, 1290066.0, 11221.0]
('683 WILLOUGHBY AVE', '11206')[0.0, 40.69494, -73.9419, 2016.0, 1931.0, 2000.0, 2820.0, 20060417, 525000.0, 1449984.0, 20171130, -27301.0, 1580483.0, 1580483.0, 11206.0]
('2 W  96 ST', '10025')[8.0, 40.791847, -73.965874, 2016.0, 1910.0, 43560.0, 564.0, 20130911, 911000.0, 799412.0, 20171130, -1673.0, 839383.0, 839383.0, 10025.0]
('160 BERRIMAN ST', '11208')[1.0, 40.67481, -73.880325, 2016.0, 2002.0, 2500.0, 2040.0, 20040224, 350000.0, 605998.0, 20171130, 36000.0, 642358.0, 642358.0, 11208.0]
('237 LAWRENCE AVE', '10310')[4.0, 40.623872, -74.106036, 2016.0, 1950.0, 7500.0, 1460.0, 19981208, 200000.0, 795096.0, 20171130, -7962.0, 834851.0, 834851.0, 10310.0]
('326 HUNTINGTON AVE', '10465')[8.0, 40.818005, -73.822575, 2016.0, 2000.0, 2299.0, 3588.0, 20150529, 442000.0, 729541.0, 20171130, -1261.0, 766018.0, 766018.0, 10465.0]
('56 HAMILTON PL', '10031')[1.0, 40.82262, -73.951705, 2016.0, 1899.0, 1040.0, 3330.0, 20001103, 300000.0, 2182767.0, 20171130, -19846.0, 2401044.0, 2401044.0, 10031.0]
('853 VAN DUZER ST', '10304')[4.0, 40.61828, -74.08596, 2016.0, 1920.0, 1540.0, 1100.0, 20091029, 164300.0, 335912.0, 20171130, 4478.0, 362785.0, 362785.0, 10304.0]
('26 PITNEY AVE', '10309')[4.0, 40.529776, -74.218213, 2016.0, 2004.0, 2500.0, 2250.0, 20160217, 477000.0, 576692.0, 20171130, 3268.0, 605527.0, 605527.0, 10309.0]
('127 COOPER ST', '11207')[2.0, 40.687365, -73.908095, 2016.0, 1899.0, 1925.0, 2899.0, 20170718, 1275000.0, 1275278.0, 20171130, 4475.0, 1364547.0, 1364547.0, 11207.0]
('463 1 ST', '11215')[4.0, 40.67174, -73.97703, 2016.0, 1899.0, 1608.0, 2688.0, 20100511, 1275000.0, 4139006.0, 20171130, -58707.0, 4511517.0, 4511517.0, 11215.0]
('1731 HART ST', '11385')[4.0, 40.70771, -73.917315, 2016.0, 1945.0, 1615.0, 1140.0, 20101113, 390000.0, 850348.0, 20171130, 1947.0, 892865.0, 892865.0, 11385.0]
('1020 BUSHWICK AVE', '11221')[1.0, 40.691305, -73.92173, 2016.0, 1915.0, 1368.0, 3192.0, 20131107, 1210000.0, 1447552.0, 20171130, 52643.0, 1548881.0, 1548881.0, 11221.0]
('33 STANLEY AVE', '10301')[8.0, 40.635842, -74.087353, 2016.0, 1925.0, 2175.0, 3500.0, 19911004, 123000.0, 532537.0, 20171130, 7560.0, 596441.0, 596441.0, 10301.0]
('281 COOPER ST', '11237')[8.0, 40.69171, -73.903844, 2016.0, 2005.0, 1700.0, 2652.0, 20171116, 1080000.0, 1104337.0, 20171130, -7869.0, 1181641.0, 1181641.0, 11237.0]
('97 COVINGTON CIR', '10309')[5.0, 40.545213, -74.203401, 2016.0, 2000.0, 3495.0, 2026.0, 20030714, 450000.0, 681278.0, 20171130, -780.0, 715342.0, 715342.0, 10309.0]
('446 E  136 ST', '10454')[3.0, 40.80698, -73.922477, 2016.0, 2007.0, 1875.0, 3375.0, 20071119, 650000.0, 584692.0, 20171130, 14123.0, 625620.0, 625620.0, 10454.0]
('720 E  35 ST', '11210')[4.0, 40.637305, -73.94358, 2016.0, 1915.0, 4000.0, 1788.0, 19960104, 187000.0, 881199.0, 20171130, -46854.0, 978131.0, 978131.0, 11210.0]
('15 DAYNA DR', '10305')[7.0, 40.610384, -74.069605, 2016.0, 1987.0, 2299.0, 1233.0, 20140220, 300000.0, 463987.0, 20171130, 2491.0, 487186.0, 487186.0, 10305.0]
('941 E  83 ST', '11236')[1.0, 40.63632, -73.910014, 2016.0, 1960.0, 2000.0, 2280.0, 19990914, 285000.0, 637264.0, 20171130, -5014.0, 669127.0, 669127.0, 11236.0]
('253 ALBEE AVE', '10312')[1.0, 40.536455, -74.182009, 2016.0, 1970.0, 4320.0, 1952.0, 19980303, 250000.0, 682022.0, 20171130, 4093.0, 736584.0, 736584.0, 10312.0]
('659 E  227 ST', '10466')[1.0, 40.889895, -73.86107, 2016.0, 1920.0, 2854.0, 2064.0, 20111028, 475000.0, 466586.0, 20171130, -15315.0, 489915.0, 489915.0, 10466.0]
('63 BEACON CT', '11229')[4.0, 40.588925, -73.922165, 2016.0, 1975.0, 1800.0, 918.0, 19891020, 138000.0, 410756.0, 20171130, -15816.0, 439509.0, 439509.0, 11229.0]
('3519 RIVERDALE AVE', '10463')[8.0, 40.88587, -73.90737, 2016.0, 1965.0, 1820.0, 2983.0, 20171024, 850000.0, 867691.0, 20171130, -62098.0, 911076.0, 911076.0, 10463.0]
('4 EDISON ST', '10306')[4.0, 40.58033, -74.105089, 2016.0, 1989.0, 1200.0, 1500.0, 20121024, 305000.0, 435972.0, 20171130, -2246.0, 466490.0, 466490.0, 10306.0]
('1949 E  21 ST', '11229')[4.0, 40.605235, -73.951165, 2016.0, 1920.0, 4000.0, 1872.0, 20130830, 885000.0, 1305214.0, 20171130, -5297.0, 1383527.0, 1383527.0, 11229.0]
('50 SUNFIELD AVE', '10312')[4.0, 40.559365, -74.178058, 2016.0, 1973.0, 2401.0, 1280.0, 20130125, 345000.0, 499295.0, 20171130, 870.0, 529253.0, 529253.0, 10312.0]
('95 HERBERT ST', '11222')[4.0, 40.72056, -73.941265, 2016.0, 1910.0, 25.0, 900.0, 20050602, 500000.0, 1245441.0, 20171130, 9978.0, 1357531.0, 1357531.0, 11222.0]
('178 CROSSFIELD AVE', '10312')[4.0, 40.558332, -74.175971, 2016.0, 1979.0, 2940.0, 1440.0, 20000126, 210000.0, 477712.0, 20171130, -3207.0, 501598.0, 501598.0, 10312.0]
('30 ZACHARY CT', '10310')[4.0, 40.62532, -74.130835, 2016.0, 1989.0, 1140.0, 1600.0, 20050725, 293000.0, 395598.0, 20171130, 1677.0, 415378.0, 415378.0, 10310.0]
('21 PURCELL ST', '10310')[4.0, 40.626405, -74.118615, 2016.0, 1930.0, 2112.0, 1170.0, 19980910, 155000.0, 414370.0, 20171130, 6113.0, 439232.0, 439232.0, 10310.0]
('392 ELDERT LN', '11208')[4.0, 40.68129, -73.866199, 2016.0, 1910.0, 2002.0, 1448.0, 20050330, 334960.0, 476542.0, 20171130, 2713.0, 500369.0, 500369.0, 11208.0]
('271 JEROME ST', '11207')[8.0, 40.67527, -73.88697, 2016.0, 2007.0, 1089000.0, 3480.0, 20080308, 725000.0, 761777.0, 20171130, 12382.0, 883661.0, 883661.0, 11207.0]
('1785 SEMINOLE AVE', '10461')[4.0, 40.85284, -73.848365, 2016.0, 1940.0, 1655.0, 1568.0, 20121130, 391000.0, 442083.0, 20171130, -8617.0, 464187.0, 464187.0, 10461.0]
('578 DRIGGS AVE', '11211')[5.0, 40.71651, -73.957315, 2016.0, 1900.0, 1720.0, 4800.0, 20050316, 710000.0, 3097320.0, 20171130, -96440.0, 3407052.0, 3407052.0, 11211.0]
('1142 E  43 ST', '11210')[1.0, 40.627044, -73.93482, 2016.0, 1930.0, 2000.0, 1500.0, 20161215, 202500.0, 321671.0, 20171130, -1347.0, 437473.0, 437473.0, 11210.0]
('2029 E  74 ST', '11234')[1.0, 40.62242, -73.906084, 2016.0, 1965.0, 5984.0, 1998.0, 20030807, 490000.0, 844574.0, 20171130, -33576.0, 912140.0, 912140.0, 11234.0]
('280 FAIRBANKS AVE', '10306')[4.0, 40.557765, -74.12553, 2016.0, 1960.0, 4000.0, 962.0, 20070529, 643000.0, 563539.0, 20171130, -3008.0, 591716.0, 591716.0, 10306.0]
('146 BYRNE AVE', '10314')[4.0, 40.6109, -74.13448, 2016.0, 1955.0, 4000.0, 900.0, 20040309, 365000.0, 496019.0, 20171130, -2114.0, 520820.0, 520820.0, 10314.0]
('38 SILVER CT', '10301')[4.0, 40.625087, -74.101722, 2016.0, 1930.0, 8325.0, 2573.0, 20020320, 752500.0, 907572.0, 20171130, 3386.0, 952951.0, 952951.0, 10301.0]
('333 BURGHER AVE', '10305')[1.0, 40.589982, -74.088027, 2016.0, 2015.0, 4740.0, 2430.0, 20151204, 896060.0, 988458.0, 20171130, 1672.0, 1037881.0, 1037881.0, 10305.0]
('1016 VAN SICLEN AVE', '11207')[1.0, 40.655285, -73.882045, 2016.0, 1960.0, 1783.0, 1836.0, 20051103, 440000.0, 518854.0, 20171130, 13387.0, 591494.0, 591494.0, 11207.0]
('629-H LACONIA AVE', '10306')[5.0, 40.581062, -74.095177, 2016.0, 1985.0, 87185.0, 996.0, 20010803, 160000.0, 345109.0, 20171130, -16272.0, 362364.0, 362364.0, 10306.0]
('3225 GRACE AVE', '10469')[1.0, 40.87582, -73.83818, 2016.0, 1965.0, 1900.0, 1760.0, 19950801, 180000.0, 466347.0, 20171130, -2467.0, 489664.0, 489664.0, 10469.0]
('70 DINSMORE ST', '10314')[5.0, 40.604335, -74.17026, 2016.0, 1983.0, 172396.0, 1415.0, 19990721, 135000.0, 429526.0, 20171130, 3933.0, 455298.0, 455298.0, 10314.0]
('2047 SHORE PKWY', '11214')[4.0, 40.58629, -73.98987, 2016.0, 1945.0, 1643.0, 928.0, 19971114, 143000.0, 641950.0, 20171130, 3077.0, 674047.0, 674047.0, 11214.0]
('70 STEPHEN LOOP', '10314')[4.0, 40.590231, -74.163719, 2016.0, 1996.0, 3145.0, 2142.0, 19970224, 193000.0, 551297.0, 20171130, 1641.0, 589888.0, 589888.0, 10314.0]
('125 E  63 ST', '10065')[6.0, 40.765144, -73.966735, 2016.0, 1923.0, 8703.0, 60748.0, 20150615, 1915000.0, 2765137.0, 20171130, 53501.0, 2958697.0, 2958697.0, 10065.0]
('656 E  240 ST', '10470')[1.0, 40.90249, -73.85306, 2016.0, 1965.0, 2700.0, 1816.0, 19960611, 205000.0, 447176.0, 20171130, 3256.0, 482950.0, 482950.0, 10470.0]
('317 W  113 ST', '10026')[8.0, 40.80239, -73.957889, 2016.0, 1900.0, 1682.0, 3333.0, 20170330, 3075000.0, 3797428.0, 20171130, -15080.0, 7594856.0, 7594856.0, 10026.0]
('1448 E  52 ST', '11234')[1.0, 40.624285, -73.92579, 2016.0, 1960.0, 2433.0, 1980.0, 19931220, 190000.0, 532132.0, 20171130, -1068.0, 558739.0, 558739.0, 11234.0]
('227 BETTS AVE', '10473')[4.0, 40.810945, -73.850685, 2016.0, 1901.0, 3300.0, 1450.0, 20130225, 61067.0, 379798.0, 20171130, -7491.0, 398788.0, 398788.0, 10473.0]
('2019 E  53 ST', '11234')[4.0, 40.611684, -73.92283, 2016.0, 1930.0, 3000.0, 972.0, 20050520, 473800.0, 514787.0, 20171130, -3970.0, 550822.0, 550822.0, 11234.0]
('10 MULBERRY AVE', '10314')[4.0, 40.597581, -74.167414, 2016.0, 1970.0, 2500.0, 1232.0, 20120730, 395000.0, 500731.0, 20171130, 1875.0, 525768.0, 525768.0, 10314.0]
('8 E  10 ST', '10003')[1.0, 40.73297, -73.99494, 2016.0, 1900.0, 2307.0, 5084.0, 20071110, 1577000.0, 9398006.0, 20171130, -37331.0, 10337807.0, 10337807.0, 10003.0]
('437 WASHINGTON ST', '10013')[6.0, 40.722999, -74.010299, 2016.0, 1920.0, 5106.0, 4300.0, 20140114, 2075000.0, 5745053.0, 20171130, -153018.0, 10283645.0, 10283645.0, 10013.0]
('4147 PARK AVE', '10457')[3.0, 40.846289, -73.90056, 2016.0, 1901.0, 2160.0, 2160.0, 20080307, 230000.0, 627800.0, 20171130, 3999.0, 659190.0, 659190.0, 10457.0]
('313 ADELPHI ST', '11205')[3.0, 40.68816, -73.970565, 2016.0, 1899.0, 2200.0, 3960.0, 20060515, 1955000.0, 2896459.0, 20171130, -29954.0, 3215070.0, 3215070.0, 11205.0]
('399 DOUGLASS ST', '11217')[8.0, 40.67878, -73.979735, 2016.0, 1910.0, 2000.0, 2800.0, 19970109, 240000.0, 2680186.0, 20171130, -3158.0, 2894601.0, 2894601.0, 11217.0]
('1311 E  52 ST', '11234')[1.0, 40.6279, -73.925635, 2016.0, 1950.0, 1963.0, 1936.0, 20081230, 470000.0, 537172.0, 20171130, -3613.0, 564031.0, 564031.0, 11234.0]
('3095 VILLA AVE', '10468')[1.0, 40.874494, -73.88818, 2016.0, 1899.0, 2060.0, 1630.0, 20170420, 125000.0, 538700.0, 20171130, 12239.0, 587183.0, 587183.0, 10468.0]
('56 INGRAM ST', '11375')[4.0, 40.71256, -73.842195, 2016.0, 1920.0, 3081.0, 1849.0, 20140512, 1249000.0, 1626751.0, 20171130, 5854.0, 1708089.0, 1708089.0, 11375.0]
('2062 E  52 ST', '11234')[1.0, 40.61057, -73.92258, 2016.0, 1965.0, 2000.0, 2520.0, 20040223, 442000.0, 743818.0, 20171130, 45777.0, 781009.0, 781009.0, 11234.0]
('142 TITUS AVE', '10306')[8.0, 40.565025, -74.10801, 2016.0, 1998.0, 2525.0, 1800.0, 20150220, 475000.0, 565095.0, 20171130, 4091.0, 593350.0, 593350.0, 10306.0]
('611 BCH 8 ST', '11691')[4.0, 40.601055, -73.743595, 2016.0, 1965.0, 2880.0, 1560.0, 19951212, 190000.0, 656264.0, 20171130, -11516.0, 695640.0, 695640.0, 11691.0]
('3846 POPLAR AVE', '11224')[1.0, 40.579674, -74.0076, 2016.0, 1960.0, 3000.0, 4092.0, 20000707, 100000.0, 928446.0, 20171130, 17730.0, 1012006.0, 1012006.0, 11224.0]
('49 BOVANIZER ST', '10312')[4.0, 40.540705, -74.16815, 2016.0, 1970.0, 4708.0, 1764.0, 20050311, 590000.0, 527442.0, 20171130, -5148.0, 553814.0, 553814.0, 10312.0]
('234 PERRY AVE', '10314')[4.0, 40.605943, -74.129945, 2016.0, 1930.0, 8001.0, 1086.0, 19980109, 190000.0, 494077.0, 20171130, 6567.0, 533603.0, 533603.0, 10314.0]
('46 COTTONWOOD CT', '10308')[1.0, 40.561769, -74.145115, 2016.0, 1984.0, 2300.0, 2920.0, 20160927, 550000.0, 620246.0, 20171130, 12197.0, 657461.0, 657461.0, 10308.0]
('19 COBBLERS LN', '10304')[4.0, 40.602337, -74.085622, 2016.0, 1999.0, 1850.0, 1488.0, 20071026, 425000.0, 593696.0, 20171130, 2643.0, 623381.0, 623381.0, 10304.0]
('2007 DALY AVE', '10460')[3.0, 40.843163, -73.88311, 2016.0, 2007.0, 2455.0, 3300.0, 20081022, 430950.0, 718220.0, 20171130, 8116.0, 754131.0, 754131.0, 10460.0]
('120 WATCHOGUE RD', '10314')[4.0, 40.614965, -74.134179, 2016.0, 1930.0, 3720.0, 1200.0, 19980814, 145000.0, 526247.0, 20171130, 11619.0, 552559.0, 552559.0, 10314.0]
('2021 BLEECKER ST', '11385')[0.0, 40.70881, -73.90787, 2016.0, 1917.0, 2500.0, 3100.0, 20120912, 550000.0, 1212650.0, 20171130, 15721.0, 1273282.0, 1273282.0, 11385.0]
('560 MORRIS PARK AVE', '10460')[4.0, 40.843095, -73.87034, 2016.0, 1905.0, 2375.0, 1580.0, 20070413, 480000.0, 441836.0, 20171130, -6338.0, 463928.0, 463928.0, 10460.0]
('182 RUTLAND RD', '11225')[4.0, 40.65891, -73.95471, 2016.0, 1910.0, 2000.0, 2281.0, 20160115, 1793000.0, 1670989.0, 20171130, -10078.0, 1888218.0, 1888218.0, 11225.0]
('713 HOLLYWOOD AVE', '10465')[8.0, 40.827974, -73.820025, 2016.0, 1950.0, 2265.0, 1760.0, 20120718, 440000.0, 523478.0, 20171130, 5934.0, 554887.0, 554887.0, 10465.0]
('5707 AVE O', '11234')[1.0, 40.61731, -73.919535, 2016.0, 1955.0, 2000.0, 1570.0, 20031022, 307000.0, 484399.0, 20171130, 223.0, 518307.0, 518307.0, 11234.0]
('224 CARROLL ST', '11231')[8.0, 40.681005, -73.9972, 2016.0, 1900.0, 1667.0, 2298.0, 20161222, 1.0, 2857858.0, 20171130, -48313.0, 3257958.0, 3257958.0, 11231.0]
('144 ELM ST', '10310')[1.0, 40.63822, -74.11425, 2016.0, 1910.0, 6550.0, 1960.0, 20170921, 380000.0, 474099.0, 20171130, -6355.0, 512027.0, 512027.0, 10310.0]
('733 ROSEDALE AVE', '10473')[4.0, 40.819784, -73.866765, 2016.0, 1920.0, 2500.0, 1776.0, 20071220, 305000.0, 420293.0, 20171130, -9915.0, 445511.0, 445511.0, 10473.0]
('465 ST GEORGE RD', '10306')[4.0, 40.57452, -74.14283, 2016.0, 1955.0, 9600.0, 1750.0, 20030527, 610000.0, 835094.0, 20171130, 2685.0, 926954.0, 926954.0, 10306.0]
('14 PAERDEGAT 10 ST', '11236')[4.0, 40.62883, -73.90517, 2016.0, 1965.0, 1800.0, 2178.0, 20050607, 10.0, 555986.0, 20171130, 10120.0, 589345.0, 589345.0, 11236.0]
('1012 E  228 ST', '10466')[4.0, 40.88677, -73.850135, 2016.0, 1925.0, 2735.0, 1184.0, 20050906, 310000.0, 381445.0, 20171130, -4097.0, 400517.0, 400517.0, 10466.0]
